{"precision": 0.988433575677462, "recall": 0.997, "f1_score": 0.9926983073348822, "accuracy": 0.9926666666666667, "threshold": 0.08000000000000002}