{"precision": 0.9890800794176042, "recall": 0.9963333333333333, "f1_score": 0.9926934573231485, "accuracy": 0.9926666666666667, "threshold": 0.12000000000000001}