{"precision": 0.9887603305785124, "recall": 0.997, "f1_score": 0.9928630705394191, "accuracy": 0.9928333333333333, "threshold": 0.18000000000000005}