{"precision": 0.9893969516235918, "recall": 0.9953333333333333, "f1_score": 0.9923562645397142, "accuracy": 0.9923333333333333, "threshold": 0.07}