{"precision": 0.9877847474413998, "recall": 0.9973333333333333, "f1_score": 0.9925360756344336, "accuracy": 0.9925, "threshold": 0.060000000000000005}